Date,Open,High,Low,Close,Volume
5/16/17 16:00,154.77,154.89,154.04,154.31,3097754
5/16/17 17:00,154.31,154.54,153.56,153.79,3699662
5/16/17 18:00,153.8,154.3,153.63,154.14,2161061
5/16/17 19:00,154.15,154.29,154.06,154.13,1205253
5/16/17 20:00,154.13,154.16,153.81,153.99,1743197
5/16/17 21:00,153.98,154.21,153.93,154.19,1504264
5/16/17 22:00,154.19,154.32,154.04,154.31,3315423
5/17/17 16:00,152.45,153.42,152.05,152.05,4968085
5/17/17 17:00,152.05,152.32,148.87,149.79,9995863
5/17/17 18:00,149.8,151.32,149.65,151.17,6194085
5/17/17 19:00,151.17,151.27,150.4,150.8,3110666
5/17/17 20:00,150.79,151,149.89,149.9,3398348
5/17/17 21:00,149.9,150.22,148.78,149.3,6601842
5/17/17 22:00,149.3,149.85,148.59,149.12,11091171
5/18/17 16:00,150.14,151.61,150,151.18,6269529
5/18/17 17:00,151.19,152.19,151.19,151.47,6345011
5/18/17 18:00,151.47,151.71,150.58,150.6,3217492
5/18/17 19:00,150.62,151.39,150.44,151.09,2619546
5/18/17 20:00,151.09,151.57,150.77,151.27,2393700
5/18/17 21:00,151.28,152.07,151.28,151.48,3530192
5/18/17 22:00,151.49,151.81,151.27,151.28,4305955
5/19/17 16:00,152.23,152.59,151.86,152.11,5858411
5/19/17 17:00,152.13,152.68,151.89,152.67,3707124
5/19/17 18:00,152.66,152.83,152.06,152.39,2605839
5/19/17 19:00,152.39,152.59,152.21,152.49,1553418
5/19/17 20:00,152.49,152.55,152.34,152.42,1320427
5/19/17 21:00,152.42,152.5,152.11,152.26,2218303
5/19/17 22:00,152.25,152.29,151.49,151.81,6780312
5/22/17 16:00,152.85,153.43,152.52,152.56,4099224
5/22/17 17:00,152.56,152.67,151.76,152.03,4332854
5/22/17 18:00,152.03,152.64,151.95,152.51,2096502
5/22/17 19:00,152.51,152.87,152.46,152.8,1632021
5/22/17 20:00,152.81,152.96,152.49,152.69,1729371
5/22/17 21:00,152.69,152.76,152.43,152.7,1690686
5/22/17 22:00,152.7,152.86,152.52,152.84,4478019
5/23/17 16:00,153.74,153.74,152.63,152.71,3440820
5/23/17 17:00,152.71,153.16,152.58,152.84,3057984
5/23/17 18:00,152.83,153.03,152.7,152.77,1754343
5/23/17 19:00,152.78,152.81,152.16,152.39,2494583
5/23/17 20:00,152.39,152.62,152.22,152.36,2044170
5/23/17 21:00,152.37,152.56,152.23,152.34,1574545
5/23/17 22:00,152.33,152.65,152.3,152.65,3019620
5/24/17 16:00,152.69,153.02,152.46,152.49,2135232
5/24/17 17:00,152.49,152.56,151.89,152,3110362
5/24/17 18:00,152,152.11,151.53,151.74,2699057
5/24/17 19:00,151.73,152.17,151.7,151.94,1632616
5/24/17 20:00,151.94,152.19,151.84,152.04,1080659
5/24/17 21:00,152.04,152.34,151.92,151.97,2630946
5/24/17 22:00,151.98,152.2,151.76,152.19,3985467
5/25/17 16:00,152.58,152.72,151.9,151.99,2542483
5/25/17 17:00,151.99,152.65,151.88,152.57,2750885
5/25/17 18:00,152.56,152.95,152.43,152.58,2760599
5/25/17 19:00,152.59,153.2,152.54,153.17,1990732
5/25/17 20:00,153.17,153.19,152.89,153.01,1455054
5/25/17 21:00,153,153.05,152.9,153,1274547
5/25/17 22:00,153,153.06,152.53,152.72,4091628
5/26/17 16:00,152.85,153.09,152.3,152.75,2340812
5/26/17 17:00,152.74,152.89,152.44,152.5,1957368
5/26/17 18:00,152.51,152.57,152.31,152.32,1659277
5/26/17 19:00,152.31,152.65,152.3,152.44,1251404
5/26/17 20:00,152.44,152.63,152.36,152.62,1222640
5/26/17 21:00,152.61,152.77,152.48,152.61,1523266
5/26/17 22:00,152.61,152.71,152.16,152.46,5255748
5/30/17 16:00,152.27,152.92,152.18,152.7,2711911
5/30/17 17:00,152.7,152.77,152.18,152.55,2637430
5/30/17 18:00,152.54,152.77,152.54,152.74,1374823
5/30/17 19:00,152.74,153.25,152.73,153.22,2369956
5/30/17 20:00,153.22,153.28,152.83,152.95,1657917
5/30/17 21:00,152.95,153,152.71,152.76,1365413
5/30/17 22:00,152.76,152.89,152.47,152.52,4878011
5/31/17 16:00,152.82,153.02,151.81,151.85,2641960
5/31/17 17:00,151.83,151.9,151.24,151.78,3849521
5/31/17 18:00,151.77,152.1,151.72,152.05,2043491
5/31/17 19:00,152.05,152.25,151.77,151.8,1416682
5/31/17 20:00,151.81,152.1,151.66,151.8,1072108
5/31/17 21:00,151.81,151.85,151.32,151.55,1744481
5/31/17 22:00,151.56,151.8,151.4,151.61,7917763
6/1/17 16:00,152.02,152.18,151.61,151.69,2010991
6/1/17 17:00,151.69,151.85,151.08,151.46,2595278
6/1/17 18:00,151.47,151.79,151.43,151.76,1582334
6/1/17 19:00,151.76,151.95,151.61,151.8,1163605
6/1/17 20:00,151.8,152,151.73,151.82,1428268
6/1/17 21:00,151.82,151.89,151.55,151.62,1354464
6/1/17 22:00,151.61,152.05,151.56,152.03,2882518
6/2/17 16:00,152.43,152.49,151.74,152.14,2536251
6/2/17 17:00,152.14,152.56,152.08,152.52,2390252
6/2/17 18:00,152.52,152.86,152.47,152.85,1861440
6/2/17 19:00,152.85,153.52,152.84,153.47,2865457
6/2/17 20:00,153.47,153.94,153.45,153.94,3199483
6/2/17 21:00,153.94,154.29,153.91,154.02,3476571
6/2/17 22:00,154.04,154.29,153.78,154.29,8503512
6/5/17 16:00,153.19,153.3,152.31,152.95,5113730
6/5/17 17:00,152.95,153.23,152.51,152.64,3931099
6/5/17 18:00,152.65,152.91,152.53,152.67,2604625
6/5/17 19:00,152.66,152.8,152.56,152.68,1637537
6/5/17 20:00,152.69,153.02,152.56,152.58,1975641
6/5/17 21:00,152.57,152.81,152.51,152.61,1646047
6/5/17 22:00,152.62,152.81,152.44,152.78,4382076
6/6/17 16:00,152.75,153.65,152.63,152.77,3878615
6/6/17 17:00,152.78,153.58,152.65,153.48,3366125
6/6/17 18:00,153.47,153.61,153.03,153.21,2076006
6/6/17 19:00,153.21,153.64,153.14,153.55,1602248
6/6/17 20:00,153.55,153.64,153.35,153.63,1289819
6/6/17 21:00,153.64,154.57,153.58,154.49,3462921
6/6/17 22:00,154.49,154.64,153.04,153.3,7651726
6/7/17 16:00,153.86,154.63,153.76,154.52,3895610
6/7/17 17:00,154.51,154.81,153.78,154.09,3647643
6/7/17 18:00,154.09,154.46,154.08,154.3,1812168
6/7/17 19:00,154.3,154.33,153.33,153.76,2081468
6/7/17 20:00,153.76,154.16,153.71,154.06,1483719
6/7/17 21:00,154.06,154.4,154.04,154.24,1550257
6/7/17 22:00,154.25,154.38,153.96,154.21,4607641
6/8/17 16:00,154.09,154.38,153.3,153.59,3022739
6/8/17 17:00,153.59,153.87,153.25,153.83,3211182
6/8/17 18:00,153.83,154.02,153.73,153.94,1939388
6/8/17 19:00,153.94,154.03,153.68,153.85,1538958
6/8/17 20:00,153.85,153.92,153.43,153.67,1578007
6/8/17 21:00,153.67,153.73,153.38,153.47,1682022
6/8/17 22:00,153.48,153.99,153.47,153.83,4421190
6/9/17 16:00,154.03,154.03,153.26,153.68,2543736
6/9/17 17:00,153.68,154.02,153.36,153.5,2675088
6/9/17 18:00,153.5,153.65,152.43,152.69,3493423
6/9/17 19:00,152.69,152.7,149.29,150.2,8818059
6/9/17 20:00,150.2,150.43,147.32,148.58,10442773
6/9/17 21:00,148.59,149.58,144.93,146.52,12978518
6/9/17 22:00,146.53,148.07,146.37,147.87,17783508
6/12/17 16:00,144.65,144.65,141.44,142.41,18964981
6/12/17 17:00,142.42,144.17,141.87,143.82,12754911
6/12/17 18:00,143.82,145,143.61,143.97,7964977
6/12/17 19:00,143.97,144.17,142.53,142.61,5186387
6/12/17 20:00,142.6,143.17,142.3,142.42,4321460
6/12/17 21:00,142.42,143.48,142.33,143.06,4705409
6/12/17 22:00,143.06,144.37,142.89,144.23,10101275
6/13/17 16:00,146.05,146.34,145.22,145.63,5958172
6/13/17 17:00,145.63,145.63,144.11,144.17,6529584
6/13/17 18:00,144.16,145.05,144.06,145.02,3289249
6/13/17 19:00,145.02,145.46,144.98,145.24,2223083
6/13/17 20:00,145.24,145.33,144.69,145.07,1969098
6/13/17 21:00,145.06,145.39,144.84,145.3,2013888
6/13/17 22:00,145.31,145.81,145.17,145.5,6138097
6/14/17 16:00,146.39,146.39,145.02,145.55,2903815
6/14/17 17:00,145.55,145.55,144.43,144.64,3855265
6/14/17 18:00,144.65,145.09,144.29,145.01,2606791
6/14/17 19:00,145.01,145.02,144.32,144.42,1832719
6/14/17 20:00,144.43,144.77,144.4,144.5,1542954
6/14/17 21:00,144.5,145.06,143.52,143.67,5455287
6/14/17 22:00,143.66,144.23,142.77,144.07,9580187
6/15/17 16:00,142.25,143.11,141.8,142.76,5230598
6/15/17 17:00,142.76,143.01,141.14,142.15,7117024
6/15/17 18:00,142.14,142.52,141.86,142.03,3167951
6/15/17 19:00,142.04,142.75,141.96,142.67,2458332
6/15/17 20:00,142.67,142.95,142.35,142.62,2237144
6/15/17 21:00,142.61,143.05,142.44,142.73,2554396
6/15/17 22:00,142.72,143.39,142.66,143.22,5746730
6/16/17 16:00,142.71,143.41,142.28,143.28,11393409
6/16/17 17:00,143.27,143.3,141.93,142.1,3802168
6/16/17 18:00,142.1,142.54,141.92,142.3,2950100
6/16/17 19:00,142.3,142.42,141.93,141.95,1805328
6/16/17 20:00,141.96,142.21,141.63,142.17,2567189
6/16/17 21:00,142.17,142.42,141.87,141.88,2396797
6/16/17 22:00,141.88,141.98,141.13,141.2,18214321
6/19/17 16:00,142.59,144.05,142.59,143.81,5390958
6/19/17 17:00,143.82,145.1,143.77,144.79,6213726
6/19/17 18:00,144.78,144.98,144.52,144.73,2388407
6/19/17 19:00,144.74,144.88,144.54,144.85,1762747
6/19/17 20:00,144.85,145.65,144.82,145.46,2911570
6/19/17 21:00,145.45,145.53,144.89,144.96,2423745
6/19/17 22:00,144.95,145.45,144.84,145.25,7216985
6/20/17 16:00,145.78,145.78,144.27,144.32,3671707
6/20/17 17:00,144.33,144.98,144.18,144.84,3411885
6/20/17 18:00,144.84,144.85,143.91,144.34,2728075
6/20/17 19:00,144.35,144.64,143.96,144.19,1928727
6/20/17 20:00,144.19,144.49,144.05,144.45,1629971
6/20/17 21:00,144.44,144.63,144.12,144.44,1785519
6/20/17 22:00,144.44,144.86,143.85,143.92,6165299
6/21/17 16:00,144.43,144.64,143.52,143.68,2388520
6/21/17 17:00,143.68,144.68,143.66,144.49,2991034
6/21/17 18:00,144.49,144.56,144,144.49,1680417
6/21/17 19:00,144.38,144.6,144.16,144.33,1296317
6/21/17 20:00,144.33,144.62,144.17,144.39,1509101
6/21/17 21:00,144.37,144.91,144.21,144.7,1840697
6/21/17 22:00,144.7,144.98,144.61,144.78,6122109
6/22/17 16:00,144.68,144.88,144.03,144.24,2148819
6/22/17 17:00,144.25,144.7,144.03,144.43,2668021
6/22/17 18:00,144.43,144.49,144.07,144.28,1110572
6/22/17 19:00,144.27,145.35,144.15,145.26,1718846
6/22/17 20:00,145.26,145.61,145.15,145.33,1874567
6/22/17 21:00,145.33,145.43,145.15,145.22,1227452
6/22/17 22:00,145.22,145.24,144.43,144.54,5573986
6/23/17 16:00,144.04,144.82,144.02,144.72,2115294
6/23/17 17:00,144.71,145.21,144.07,145.03,2436353
6/23/17 18:00,145.03,145.82,145.01,145.77,2157442
6/23/17 19:00,145.77,145.93,145.48,145.81,1727011
6/23/17 20:00,145.8,146.05,145.55,145.92,1447741
6/23/17 21:00,145.92,145.98,145.51,145.58,1654282
6/23/17 22:00,145.58,145.64,145.11,145.26,12641702
6/26/17 16:00,146.06,147.17,146.06,146.85,3805904
6/26/17 17:00,146.86,146.89,145.07,145.41,4890805
6/26/17 18:00,145.41,145.43,144.29,144.78,4095366
6/26/17 19:00,144.78,145.4,144.52,145.24,2103614
6/26/17 20:00,145.24,145.32,144.94,145.11,1270617
6/26/17 21:00,145.11,145.17,144.64,144.86,1561363
6/26/17 22:00,144.86,144.98,144.58,144.73,4951994
6/27/17 16:00,143.92,144.57,143.68,144.21,2942977
6/27/17 17:00,144.21,145.07,144.16,144.74,2645075
6/27/17 18:00,144.74,144.91,144.36,144.54,1639435
6/27/17 19:00,144.54,144.83,143.85,143.99,2104119
6/27/17 20:00,143.99,144.09,142.88,143.4,3615535
6/27/17 21:00,143.4,143.59,143.08,143.48,2620615
6/27/17 22:00,143.48,143.69,142.55,142.67,6892229
6/28/17 16:00,143.4,143.4,142.32,142.49,3358715
6/28/17 17:00,142.5,144.17,142.09,143.94,4245524
6/28/17 18:00,143.93,144.24,143.67,144.01,1897136
6/28/17 19:00,143.99,144.77,143.85,144.58,2129902
6/28/17 20:00,144.59,144.95,144.37,144.38,1841543
6/28/17 21:00,144.39,144.82,144.39,144.74,1484179
6/28/17 22:00,144.74,145.02,144.54,144.74,4472223
6/29/17 16:00,143.62,144.04,143.13,143.3,3478384
6/29/17 17:00,143.31,143.67,142.9,143.25,4018823
6/29/17 18:00,143.24,143.42,141.92,142.13,4397986
6/29/17 19:00,142.15,142.86,141.66,141.81,3224807
6/29/17 20:00,141.82,142.12,141.21,141.39,3847658
6/29/17 21:00,141.38,142.21,141.23,141.97,3060938
6/29/17 22:00,141.97,142.99,141.93,142.61,5950554
6/30/17 16:00,143.36,143.87,142.92,143.35,4135646
6/30/17 17:00,143.34,143.46,142.71,143.26,2844604
6/30/17 18:00,143.26,143.64,143.05,143.58,1788245
6/30/17 19:00,143.58,143.62,143.03,143.13,1312062
6/30/17 20:00,143.13,143.56,143.13,143.44,1041578
6/30/17 21:00,143.44,143.65,143.25,143.62,1433925
6/30/17 22:00,143.62,143.78,142.93,142.95,6559485
7/3/17 16:00,143.79,144.21,143.68,143.69,2344735
7/3/17 17:00,143.71,143.81,142.68,142.7,2720400
7/3/17 18:00,142.69,143,142.03,143,2544833
7/3/17 19:00,142.99,142.99,142.09,142.47,3371839
7/3/17 20:00,142.5,142.65,142.37,142.43,1336431
7/5/17 16:00,142.62,143.31,142.49,142.59,2872094
7/5/17 17:00,142.58,142.75,141.66,142.42,3663734
7/5/17 18:00,142.42,143.08,142.39,143.08,1912469
7/5/17 19:00,143.08,143.7,143.01,143.5,2151756
7/5/17 20:00,143.51,143.62,143.09,143.12,1407589
7/5/17 21:00,143.11,143.52,142.82,143.12,1807078
7/5/17 22:00,143.12,143.29,142.81,143.02,4657423
7/6/17 16:00,141.95,142.43,141.56,141.7,3131524
7/6/17 17:00,141.69,142.11,141.34,141.57,3896168
7/6/17 18:00,141.58,142.39,141.45,141.91,2906182
7/6/17 19:00,141.91,142.25,141.57,142.1,1881926
7/6/17 20:00,142.1,142.15,141.72,141.79,1680338
7/6/17 21:00,141.79,141.88,141.51,141.76,1892435
7/6/17 22:00,141.77,141.87,141.45,141.66,4891326
7/7/17 16:00,141.83,143.07,141.83,142.94,3122699
7/7/17 17:00,142.94,143.06,142.43,142.76,2234426
7/7/17 18:00,142.76,143.18,142.61,143.08,1857531
7/7/17 19:00,143.08,143.19,142.86,143.17,1255130
7/7/17 20:00,143.17,143.66,143.12,143.56,1594383
7/7/17 21:00,143.57,143.58,143.11,143.42,1459643
7/7/17 22:00,143.41,143.5,142.95,143.08,3090013
7/10/17 16:00,143.04,143.44,142.3,142.41,2550724
7/10/17 17:00,142.4,143.81,142.36,143.75,2876277
7/10/17 18:00,143.74,143.9,143.59,143.76,1792311
7/10/17 19:00,143.76,144.43,143.71,144.41,2223600
7/10/17 20:00,144.42,144.78,144.38,144.77,1754316
7/10/17 21:00,144.77,144.86,144.47,144.56,1417558
7/10/17 22:00,144.56,144.62,143.94,143.97,5164192
7/11/17 16:00,143.64,143.98,143.34,143.73,2474456
7/11/17 17:00,143.73,144.64,143.55,144.25,2851315
7/11/17 18:00,144.26,144.31,143.3,144.03,2733278
7/11/17 19:00,144.03,144.13,143.64,144.02,1224439
7/11/17 20:00,144.03,144.64,143.91,144.56,1693950
7/11/17 21:00,144.56,144.76,144.32,144.37,1430837
7/11/17 22:00,144.37,144.69,144.34,144.44,3604308
7/12/17 16:00,144.78,145.09,143.87,144.2,4097243
7/12/17 17:00,144.21,144.43,143.73,143.82,4107775
7/12/17 18:00,143.82,144.49,143.81,144.09,2232285
7/12/17 19:00,144.09,144.2,143.88,144.17,1707806
7/12/17 20:00,144.17,144.51,143.92,144.5,1583956
7/12/17 21:00,144.5,144.82,144.32,144.78,1822481
7/12/17 22:00,144.79,144.97,144.6,144.65,5286883
7/13/17 16:00,144.41,146.02,144.35,145.91,3337071
7/13/17 17:00,145.92,146.28,145.47,146.04,3704679
7/13/17 18:00,146.04,146.46,145.69,146.42,2501160
7/13/17 19:00,146.42,147.38,146.28,147.25,3381583
7/13/17 20:00,147.25,147.34,146.61,146.86,3039424
7/13/17 21:00,146.87,147.12,146.52,146.72,2164309
7/13/17 22:00,146.71,146.97,146.47,146.66,4594399
7/14/17 16:00,146.86,146.99,146.24,146.35,2580799
7/14/17 17:00,146.35,146.75,146.22,146.5,2229856
7/14/17 18:00,146.5,146.69,146.31,146.68,1553550
7/14/17 19:00,146.68,147.7,146.64,147.59,2492827
7/14/17 20:00,147.59,147.98,147.39,147.89,2045264
7/14/17 21:00,147.9,148,147.74,147.75,1790787
7/14/17 22:00,147.76,148.22,147.75,147.93,4838139
7/17/17 16:00,147.71,149.57,147.46,149.48,4746099
7/17/17 17:00,149.49,149.77,148.78,148.87,4450374
7/17/17 18:00,148.87,149.03,148.43,148.49,2469376
7/17/17 19:00,148.48,149,148.41,148.93,1499655
7/17/17 20:00,148.94,149,148.47,148.57,1477078
7/17/17 21:00,148.58,148.67,148.32,148.52,1590914
7/17/17 22:00,148.54,148.78,148.39,148.44,3641891
7/18/17 16:00,148.09,148.3,147.61,147.72,2459906
7/18/17 17:00,147.73,148.23,147.56,148.13,2934054
7/18/17 18:00,148.12,148.36,147.9,148.17,1703788
7/18/17 19:00,148.17,148.62,147.99,148.56,1616301
7/18/17 20:00,148.55,148.89,148.37,148.76,1478069
7/18/17 21:00,148.75,148.77,148.37,148.5,1555625
7/18/17 22:00,148.5,149,148.48,148.95,3751617
7/19/17 16:00,149.35,149.82,148.82,149.52,2636723
7/19/17 17:00,149.51,149.68,149.12,149.28,2654689
7/19/17 18:00,149.28,149.63,149.28,149.6,1677165
7/19/17 19:00,149.61,149.9,149.54,149.88,1779405
7/19/17 20:00,149.88,150.29,149.74,149.92,2977560
7/19/17 21:00,149.91,150.17,149.91,149.92,1392977
7/19/17 22:00,149.93,149.97,149.61,149.89,5229244
7/20/17 16:00,150.37,150.61,149.77,149.98,2547307
7/20/17 17:00,149.98,150.01,149.06,149.41,3122023
7/20/17 18:00,149.39,149.71,149.3,149.57,1465684
7/20/17 19:00,149.56,149.93,149.55,149.64,863939
7/20/17 20:00,149.65,149.79,149.37,149.79,863526
7/20/17 21:00,149.78,149.78,149.3,149.43,1291070
7/20/17 22:00,149.44,149.85,149.21,149.21,4536470
7/21/17 16:00,148.86,149.11,147.77,148.43,5561145
7/21/17 17:00,148.44,148.92,148.28,148.56,2558230
7/21/17 18:00,148.56,148.86,148.25,148.83,2097756
7/21/17 19:00,148.84,149.21,148.76,149.19,1264409
7/21/17 20:00,149.19,149.31,148.86,148.97,1232902
7/21/17 21:00,148.97,149,148.8,148.92,1153473
7/21/17 22:00,148.92,149.2,148.81,149.14,6567414
7/24/17 16:00,149.45,149.54,148.78,149.42,2000214
7/24/17 17:00,149.42,150.2,149.38,149.99,3031956
7/24/17 18:00,149.99,150.19,149.69,150.15,1516756
7/24/17 19:00,150.15,150.8,150.14,150.73,1971099
7/24/17 20:00,150.74,150.87,150.55,150.63,1587223
7/24/17 21:00,150.62,150.71,150.4,150.69,1373176
7/24/17 22:00,150.69,151.3,150.43,150.96,4790021
7/25/17 16:00,150.67,152.54,150.67,152.45,4020205
7/25/17 17:00,152.44,152.56,151.98,152.16,2456691
7/25/17 18:00,152.16,152.69,152.09,152.53,2075518
7/25/17 19:00,152.53,152.58,152.13,152.26,1349019
7/25/17 20:00,152.25,152.38,151.98,152.07,1353623
7/25/17 21:00,152.06,152.1,151.72,151.93,1363043
7/25/17 22:00,151.93,152.02,151.51,151.6,3847404
7/26/17 16:00,152.2,152.78,151.91,152.28,2134468
7/26/17 17:00,152.28,152.78,152,152.04,2690808
7/26/17 18:00,152.04,152.49,152.03,152.31,1605574
7/26/17 19:00,152.32,152.63,152.26,152.45,1224362
7/26/17 20:00,152.45,152.48,152.21,152.28,740394
7/26/17 21:00,152.26,152.65,152.16,152.41,1324157
7/26/17 22:00,152.4,152.55,152.08,152.31,3436917
7/27/17 16:00,152.6,152.84,151.76,151.86,3089388
7/27/17 17:00,151.88,152.73,151.82,152.38,2414745
7/27/17 18:00,152.39,152.43,151.98,152.17,1729657
7/27/17 19:00,152.16,152.24,149.23,149.63,3520976
7/27/17 20:00,149.63,150.16,146.19,148.44,8634455
7/27/17 21:00,148.44,148.94,147.98,148.89,3651694
7/27/17 22:00,148.89,149.5,148.43,149.43,6588119
7/28/17 16:00,148.77,149.1,148.15,148.41,3120465
7/28/17 17:00,148.41,149.07,148.39,148.52,2150750
7/28/17 18:00,148.52,148.73,148.35,148.62,1787325
7/28/17 19:00,148.61,149,148.57,148.91,1367460
7/28/17 20:00,148.91,148.96,148.63,148.74,1060614
7/28/17 21:00,148.76,148.9,148.67,148.72,1169378
7/28/17 22:00,148.72,148.77,148.08,148.39,4300490
7/31/17 16:00,148.78,149.2,148.11,148.28,2900874
7/31/17 17:00,148.28,148.35,147.14,147.68,3225708
7/31/17 18:00,147.69,147.99,147.43,147.7,1448068
7/31/17 19:00,147.69,147.86,147.32,147.63,1350487
7/31/17 20:00,147.64,147.73,147.13,147.29,1465180
7/31/17 21:00,147.29,147.7,147.02,147.4,1619629
7/31/17 22:00,147.4,147.89,147.4,147.74,5102689
8/1/17 16:00,147.99,148.31,147.56,147.69,2779975
8/1/17 17:00,147.7,148.21,147.49,148.13,3378790
8/1/17 18:00,148.13,148.14,147.3,147.85,2595969
8/1/17 19:00,147.85,147.94,147.59,147.94,1651113
8/1/17 20:00,147.93,148.07,147.8,147.92,1757935
8/1/17 21:00,147.91,148.24,147.88,148.23,2447629
8/1/17 22:00,148.23,149.09,147.86,148.92,7340585
8/2/17 16:00,158.09,158.56,156.52,156.76,17925056
8/2/17 17:00,156.73,157.25,154.99,155.84,14682840
8/2/17 18:00,155.84,156.89,155.24,156.6,7445746
8/2/17 19:00,156.61,156.77,155.76,155.95,3391397
8/2/17 20:00,155.96,156.46,155.55,156.2,3691017
8/2/17 21:00,156.21,156.83,156.05,156.74,3470656
8/2/17 22:00,156.74,157.19,155.83,155.97,8672102
8/3/17 16:00,155.88,156.04,154.68,155.08,4404777
8/3/17 17:00,155.07,155.09,154.12,155.03,4638988
8/3/17 18:00,155.02,155.65,154.69,154.78,3096727
8/3/17 19:00,154.78,155.02,154.49,154.74,1781627
8/3/17 20:00,154.74,154.75,154.14,154.63,2180442
8/3/17 21:00,154.65,154.84,154.26,154.35,1797522
8/3/17 22:00,154.36,154.77,153.86,154.4,5508585
8/4/17 16:00,154.9,156.22,154.52,155.54,3648603
8/4/17 17:00,155.56,156.08,154.88,155.27,4456840
8/4/17 18:00,155.28,155.76,155.04,155.27,2110488
8/4/17 19:00,155.29,155.38,154.64,154.93,1520739
8/4/17 20:00,154.94,155.08,154.61,155,1388040
8/4/17 21:00,155,155.09,154.77,154.84,1099685
8/4/17 22:00,154.85,155.25,154.78,155.22,4109192
8/7/17 16:00,155.89,156.32,155.5,156.25,2885701
8/7/17 17:00,156.27,156.55,156.07,156.36,2841228
8/7/17 18:00,156.37,156.97,156.21,156.86,2454407
8/7/17 19:00,156.83,157.01,156.49,156.76,1816868
8/7/17 20:00,156.76,156.81,156.65,156.77,1168572
8/7/17 21:00,156.76,157.26,156.69,157.12,1880425
8/7/17 22:00,157.11,157.73,157.02,157.4,4428579
8/8/17 16:00,157.41,158.36,157.09,158.24,3510307
8/8/17 17:00,158.25,159.97,158.2,159.95,7912958
8/8/17 18:00,159.95,160.62,159.84,160.23,5504664
8/8/17 19:00,160.23,160.54,159.75,159.99,3473162
8/8/17 20:00,159.98,160.11,159.42,159.97,2977981
8/8/17 21:00,159.97,160.09,159.79,160.01,1802669
8/8/17 22:00,160.01,160.03,158.32,158.88,7551478
8/9/17 16:00,158.07,159.37,157.92,159.17,4337607
8/9/17 17:00,159.18,159.85,158.1,159.44,3943060
8/9/17 18:00,159.44,159.54,158.7,159.53,2931717
8/9/17 19:00,159.54,159.58,158.97,159.12,2202014
8/9/17 20:00,159.12,160.03,159.12,159.99,2500432
8/9/17 21:00,159.99,160.06,159.21,159.45,2551056
8/9/17 22:00,159.45,160,159.2,159.86,4787690
8/10/17 16:00,159.33,159.43,158.24,158.41,3865522
8/10/17 17:00,158.42,158.73,157.48,158.54,4719631
8/10/17 18:00,158.54,158.54,156.73,156.93,4297131
8/10/17 19:00,156.92,157.34,155.86,156.31,4883382
8/10/17 20:00,156.31,156.91,156.03,156.25,3433579
8/10/17 21:00,156.26,156.89,156.11,156.39,2689246
8/10/17 22:00,156.39,156.55,154.08,154.71,9707871
8/11/17 16:00,156.04,157.41,155.51,157.26,5516640
8/11/17 17:00,157.26,158,156.49,156.9,4811614
8/11/17 18:00,156.88,157.3,156.56,157.07,2304057
8/11/17 19:00,157.06,157.48,156.86,157.24,1567444
8/11/17 20:00,157.25,157.46,156.96,157.35,1611149
8/11/17 21:00,157.35,157.74,156.6,156.69,2503573
8/11/17 22:00,156.69,157.04,156.31,156.92,4756849
8/14/17 16:00,158.75,159.06,158.18,158.69,3914125
8/14/17 17:00,158.69,159.16,158.63,158.93,2780085
8/14/17 18:00,158.93,158.94,158.58,158.75,1734271
8/14/17 19:00,158.75,158.85,158.48,158.77,1214076
8/14/17 20:00,158.78,159.47,158.66,159.33,2940172
8/14/17 21:00,159.33,159.58,158.89,159.03,1974660
8/14/17 22:00,159.03,159.64,158.98,159.28,4941443
8/15/17 16:00,160.08,160.59,159.57,160.17,3690429
8/15/17 17:00,160.16,160.76,159.84,160.62,4272535
8/15/17 18:00,160.62,161.07,160.37,160.7,3158287
8/15/17 19:00,160.69,161.6,160.64,161.57,3705122
8/15/17 20:00,161.57,161.61,160.88,161.05,3504903
8/15/17 21:00,161.04,161.3,160.92,161.07,2120494
8/15/17 22:00,161.06,161.44,160.96,161.02,5181456
8/16/17 16:00,161.36,161.57,160.35,160.87,3504708
8/16/17 17:00,160.87,161.81,160.53,161.65,3272632
8/16/17 18:00,161.64,161.75,161.19,161.43,2623611
8/16/17 19:00,161.44,161.93,161.05,161.15,2925208
8/16/17 20:00,161.15,161.21,160.11,160.28,3589386
8/16/17 21:00,160.28,160.78,159.58,160.18,3488474
8/16/17 22:00,160.18,160.49,160,160.37,4494001
8/17/17 16:00,159.95,160.13,159.07,159.27,2985344
8/17/17 17:00,159.27,159.31,157.83,158.49,5092856
8/17/17 18:00,158.51,159.14,158.41,158.71,2620495
8/17/17 19:00,158.71,158.94,157.97,158.13,2509535
8/17/17 20:00,158.12,158.62,157.87,158.51,2251840
8/17/17 21:00,158.52,158.61,157.91,158.19,2176912
8/17/17 22:00,158.18,158.21,157.27,157.3,5235027
8/18/17 16:00,157.29,158.11,156.16,156.35,5090156
8/18/17 17:00,156.35,157.85,156.24,157.59,4139770
8/18/17 18:00,157.59,158.93,157.07,158.64,4000341
8/18/17 19:00,158.63,158.85,158.17,158.58,2357206
8/18/17 20:00,158.59,158.69,157.62,157.63,2042962
8/18/17 21:00,157.62,158.05,157.44,157.51,1499203
8/18/17 22:00,157.52,157.76,156.86,156.94,4984754
8/21/17 16:00,156.94,157.32,156.31,156.34,3083631
8/21/17 17:00,156.33,156.51,154.55,155.27,6190452
8/21/17 18:00,155.26,156.73,154.87,156.37,3325122
8/21/17 19:00,156.37,156.89,156.22,156.65,1960244
8/21/17 20:00,156.65,156.72,155.97,156.01,1717021
8/21/17 21:00,156.03,156.27,155.91,156.18,1335155
8/21/17 22:00,156.17,156.85,155.56,156.65,5245109
8/22/17 16:00,157.66,158.67,157.45,158.34,3207315
8/22/17 17:00,158.35,159.08,158.32,158.91,3060306
8/22/17 18:00,158.92,159.3,158.84,159.23,2270589
8/22/17 19:00,159.23,159.43,158.96,159.15,2087894
8/22/17 20:00,159.15,159.36,158.92,159.01,1369556
8/22/17 21:00,159,159.43,158.94,159.25,1663938
8/22/17 22:00,159.24,159.39,159.09,159.21,5219395
8/23/17 16:00,158.5,159.68,158.31,159.6,2945897
8/23/17 17:00,159.59,159.59,158.96,159.24,2608846
8/23/17 18:00,159.24,159.85,159.07,159.75,2240558
8/23/17 19:00,159.75,159.9,159.24,159.3,1363226
8/23/17 20:00,159.3,159.35,158.83,159.05,1620171
8/23/17 21:00,159.05,159.63,159.04,159.56,1735305
8/23/17 22:00,159.56,159.76,159.36,159.41,4121550
8/24/17 16:00,159.86,160.16,158.6,158.83,2768961
8/24/17 17:00,158.82,159.55,158.65,159.17,2894206
8/24/17 18:00,159.18,159.27,157.98,158.49,3405953
8/24/17 19:00,158.48,158.77,158.25,158.58,1602708
8/24/17 20:00,158.57,159.04,158.48,158.86,1539483
8/24/17 21:00,158.86,158.96,158.36,158.92,1402414
8/24/17 22:00,158.91,159.07,158.53,158.7,2536976
8/25/17 16:00,159.08,159.82,159.01,159.58,2852301
8/25/17 17:00,159.58,159.98,159.17,159.21,3236536
8/25/17 18:00,159.22,159.35,158.72,159.07,2693555
8/25/17 19:00,159.08,159.32,158.7,159.26,1719202
8/25/17 20:00,159.27,159.55,159.23,159.46,1673690
8/25/17 21:00,159.47,159.77,159.39,159.48,1474425
8/25/17 22:00,159.49,159.78,159.22,159.29,4461263
8/28/17 16:00,159.57,160.24,159.36,160.05,3232297
8/28/17 17:00,160.05,161.31,159.85,161.21,4929203
8/28/17 18:00,161.22,161.42,160.67,161.07,3011489
8/28/17 19:00,161.08,161.09,160.37,160.58,1732184
8/28/17 20:00,160.58,161.03,160.43,160.96,1753713
8/28/17 21:00,160.95,161.07,160.81,160.89,1647676
8/28/17 22:00,160.89,161,160.6,160.89,5219695
8/29/17 16:00,159.53,160.87,159.43,160.87,4029646
8/29/17 17:00,160.86,161.88,160.4,161.63,5136973
8/29/17 18:00,161.61,162.38,161.61,162.27,4290327
8/29/17 19:00,162.26,162.3,161.63,161.73,2728343
8/29/17 20:00,161.72,162.07,161.58,161.79,2162567
8/29/17 21:00,161.78,162.27,161.78,162.22,1872119
8/29/17 22:00,162.21,162.54,162.05,162.33,6116477
8/30/17 16:00,163.21,163.3,162.51,162.81,4552786
8/30/17 17:00,162.8,162.95,162.11,162.74,4042092
8/30/17 18:00,162.73,162.83,162.23,162.62,2876998
8/30/17 19:00,162.61,162.65,162.03,162.21,2641011
8/30/17 20:00,162.21,163.05,162.17,162.92,2514920
8/30/17 21:00,162.92,162.92,162.58,162.76,1816471
8/30/17 22:00,162.77,162.8,162.27,162.76,5134769
8/31/17 16:00,163.05,163.49,162.97,163.36,3504534
8/31/17 17:00,163.35,163.51,162.89,163.16,3466964
8/31/17 18:00,163.16,163.4,163,163.35,2077120
8/31/17 19:00,163.34,163.93,163.33,163.47,3776941
8/31/17 20:00,163.47,163.61,163.19,163.35,1845681
8/31/17 21:00,163.35,163.6,163.11,163.51,2055466
8/31/17 22:00,163.51,163.72,163.24,163.41,6784874
9/1/17 16:00,164.21,164.35,163.36,163.4,3426952
9/1/17 17:00,163.37,163.65,163.22,163.53,2852218
9/1/17 18:00,163.52,163.79,163.36,163.6,1827069
9/1/17 19:00,163.6,163.64,163.34,163.36,1094203
9/1/17 20:00,163.39,163.48,163.04,163.24,1382990
9/1/17 21:00,163.23,163.41,163.22,163.33,1181511
9/1/17 22:00,163.33,163.54,163.3,163.46,3038675
9/5/17 16:00,163.16,163.66,162.79,163.46,3291678
9/5/17 17:00,163.46,163.58,162.98,163.05,3364317
9/5/17 18:00,163.05,163.07,162.06,162.32,3072761
9/5/17 19:00,162.32,162.32,160.02,160.61,6247612
9/5/17 20:00,160.59,161.4,159.98,161.37,3465881
9/5/17 21:00,161.36,161.7,161.19,161.36,2310807
9/5/17 22:00,161.35,161.69,161.02,161.5,4536475
9/6/17 16:00,162.13,162.41,161.47,161.8,2778133
9/6/17 17:00,161.79,162,160.28,160.81,3778573
9/6/17 18:00,160.81,160.81,159.95,160.61,2867809
9/6/17 19:00,160.6,161.4,160.41,161.28,1953073
9/6/17 20:00,161.29,161.59,161.24,161.3,1390029
9/6/17 21:00,161.32,161.6,161.05,161.29,1591777
9/6/17 22:00,161.3,161.52,161.2,161.33,4077325
9/7/17 16:00,161.51,161.66,160.81,160.91,2280010
9/7/17 17:00,160.9,161.62,160.44,161.46,3580514
9/7/17 18:00,161.45,161.56,161.09,161.27,1792359
9/7/17 19:00,161.28,161.51,159.79,160.47,4972240
9/7/17 20:00,160.46,160.92,160.36,160.67,2031574
9/7/17 21:00,160.67,160.84,160.57,160.75,1269902
9/7/17 22:00,160.75,160.87,160.44,160.68,3571201
9/8/17 16:00,160.28,160.57,159.91,160.13,2342818
9/8/17 17:00,160.13,160.17,159.03,159.32,4624716
9/8/17 18:00,159.33,159.73,158.73,159.24,3002592
9/8/17 19:00,159.24,159.61,158.97,159.12,1955071
9/8/17 20:00,159.12,159.16,158.58,158.62,1946346
9/8/17 21:00,158.62,158.69,158.21,158.39,2857837
9/8/17 22:00,158.38,158.43,157.96,158.06,4479237
9/11/17 16:00,159.93,160.91,159.32,160.82,5180021
9/11/17 17:00,160.81,161.47,160.64,160.76,4925659
9/11/17 18:00,160.76,161.04,160.28,161,3278856
9/11/17 19:00,161,161.16,160.81,160.92,2232531
9/11/17 20:00,160.93,161.04,160.65,160.87,1896126
9/11/17 21:00,160.88,160.91,160.13,160.58,2674873
9/11/17 22:00,160.58,160.97,160.43,160.92,6490185
9/12/17 16:00,162.03,162.21,159.82,160.17,6501096
9/12/17 17:00,160.17,160.64,159.74,160.39,4852353
9/12/17 18:00,160.39,161.09,160.29,160.45,3228520
9/12/17 19:00,160.46,160.87,160.08,160.59,2843876
9/12/17 20:00,160.59,163.37,160.57,162.23,14347007
9/12/17 21:00,162.27,163.08,158.9,158.98,19807813
9/12/17 22:00,158.98,160.42,158.2,160.24,13285818
9/13/17 16:00,159.3,159.39,158.08,158.56,8331011
9/13/17 17:00,158.57,158.82,157.34,157.78,10272959
9/13/17 18:00,157.78,158.51,157.68,157.71,5250614
9/13/17 19:00,157.71,158.86,157.68,158.25,4409675
9/13/17 20:00,158.24,158.62,158.19,158.39,2286479
9/13/17 21:00,158.38,158.66,158.23,158.28,2011256
9/13/17 22:00,158.28,159.09,158.23,159.08,7201851
9/14/17 16:00,158.42,158.83,157.91,158.62,3632270
9/14/17 17:00,158.61,158.82,158.22,158.43,2921265
9/14/17 18:00,158.43,158.76,158.31,158.42,2152962
9/14/17 19:00,158.43,158.47,157.83,158.26,2288893
9/14/17 20:00,158.26,158.35,158.1,158.17,1288216
9/14/17 21:00,158.18,158.35,158.03,158.15,1305926
9/14/17 22:00,158.15,158.19,157.52,157.71,6100550
9/15/17 16:00,157.9,159.32,157.43,159.09,11951276
9/15/17 17:00,159.09,160.39,159.01,160.22,6729867
9/15/17 18:00,160.21,160.27,159.64,160,2840530
9/15/17 19:00,160,160.09,159.35,159.51,1951831
9/15/17 20:00,159.51,159.53,159.15,159.35,1854086
9/15/17 21:00,159.36,159.51,159.29,159.46,2104083
9/15/17 22:00,159.46,159.65,159.25,159.31,13921598
9/18/17 16:00,159.54,159.93,159.14,159.51,3708675
9/18/17 17:00,159.5,159.55,158.48,158.74,4156574
9/18/17 18:00,158.74,159.52,158.74,159.18,2507915
9/18/17 19:00,159.18,159.33,158.9,159.03,1241793
9/18/17 20:00,159.03,159.05,158.63,158.72,1399944
9/18/17 21:00,158.71,158.78,157.43,157.86,4642249
9/18/17 22:00,157.86,158.42,157.53,158.1,3470023
9/19/17 16:00,158.94,159.2,157.87,157.97,3615546
9/19/17 17:00,157.99,158.86,157.97,158.69,2959077
9/19/17 18:00,158.7,158.71,158.08,158.51,1919192
9/19/17 19:00,158.52,158.93,158.51,158.54,1732784
9/19/17 20:00,158.55,158.67,158.28,158.47,1389295
9/19/17 21:00,158.47,158.58,158.12,158.2,1482142
9/19/17 22:00,158.2,158.35,158,158.16,4754372
9/20/17 16:00,157.33,157.69,155.49,155.65,6880402
9/20/17 17:00,155.64,156.09,153.83,153.94,9885106
9/20/17 18:00,153.95,154.62,153.28,154.22,9462376
9/20/17 19:00,154.23,155.35,154.16,155.12,3748699
9/20/17 20:00,155.13,155.44,154.94,155.32,2309129
9/20/17 21:00,155.32,155.5,154.32,154.88,4733665
9/20/17 22:00,154.87,155.67,154.6,155.51,8703070
9/21/17 16:00,155.24,155.24,153.05,153.3,6410526
9/21/17 17:00,153.29,153.52,152.2,153.39,9580315
9/21/17 18:00,153.4,153.75,153.09,153.49,3392549
9/21/17 19:00,153.5,153.65,153.01,153.34,2185724
9/21/17 20:00,153.34,154,153.28,153.58,2498117
9/21/17 21:00,153.59,153.81,153.21,153.4,2129952
9/21/17 22:00,153.4,153.45,152.79,152.84,4328288
9/22/17 16:00,151.48,151.72,150.23,150.49,9142247
9/22/17 17:00,150.53,151.28,150.03,150.06,8026830
9/22/17 18:00,150.06,150.6,150.02,150.55,4669338
9/22/17 19:00,150.53,151.12,150.33,150.6,5863946
9/22/17 20:00,150.6,151.04,150.37,150.92,3573849
9/22/17 21:00,150.92,151.38,150.34,151.13,3509616
9/22/17 22:00,151.12,151.47,150.8,151.35,7688729
9/25/17 16:00,149.45,150.71,148.63,150.6,9934461
9/25/17 17:00,150.6,151.29,149.36,149.51,7396583
9/25/17 18:00,149.51,150.04,149.15,149.94,4693660
9/25/17 19:00,149.94,150.35,149.38,150.23,3960314
9/25/17 20:00,150.23,150.3,149.92,150.11,2427829
9/25/17 21:00,150.12,150.28,149.42,149.72,3021685
9/25/17 22:00,149.73,150.04,149.46,150.01,7535933
9/26/17 16:00,151.24,152.22,151.15,151.61,5119772
9/26/17 17:00,151.62,152.47,151.6,151.97,5188857
9/26/17 18:00,151.97,151.97,151.24,151.97,4415756
9/26/17 19:00,151.97,152.22,151.56,152.01,2770473
9/26/17 20:00,152.02,153.26,152.02,153.16,3964410
9/26/17 21:00,153.16,153.37,152.76,152.82,3150802
9/26/17 22:00,152.82,153.26,152.49,152.59,6470240
9/27/17 16:00,153.25,154.12,153.06,153.86,5105894
9/27/17 17:00,153.87,154.07,153.31,153.55,3981753
9/27/17 18:00,153.55,153.75,153.21,153.37,2450318
9/27/17 19:00,153.38,153.65,152.99,153.59,1818552
9/27/17 20:00,153.59,153.67,153.29,153.66,1518583
9/27/17 21:00,153.67,154.16,153.66,153.74,2198935
9/27/17 22:00,153.76,154.13,153.59,153.68,5028226
9/28/17 16:00,153.34,153.73,152.74,152.81,3507749
9/28/17 17:00,152.8,152.9,152.15,152.34,4554860
9/28/17 18:00,152.34,152.63,152.18,152.38,2473987
9/28/17 19:00,152.39,152.69,152.29,152.62,1643927
9/28/17 20:00,152.62,153,152.5,152.95,1377814
9/28/17 21:00,152.95,152.98,152.37,152.56,1610608
9/28/17 22:00,152.56,152.75,152.34,152.73,4275393
9/29/17 16:00,152.66,153.45,151.47,151.58,3655701
9/29/17 17:00,151.58,152.78,151.46,152.74,4241618
9/29/17 18:00,152.73,153.2,152.52,153.09,2969754
9/29/17 19:00,153.1,153.43,152.96,153.27,2252920
9/29/17 20:00,153.28,153.36,153.04,153.22,1414666
9/29/17 21:00,153.22,153.38,153.07,153.21,1550867
9/29/17 22:00,153.19,153.58,152.93,153.57,7015229
10/2/17 16:00,153.71,153.9,152.87,153.38,2356403
10/2/17 17:00,153.39,153.4,152.92,153.22,2593824
10/2/17 18:00,153.23,153.34,152.45,152.48,2292234
10/2/17 19:00,152.48,152.58,152.17,152.56,2096744
10/2/17 20:00,152.56,153.19,152.43,153.17,1619753
10/2/17 21:00,153.19,153.47,152.99,153.11,1833589
10/2/17 22:00,153.12,153.4,152.97,153.26,3814262
10/3/17 16:00,153.46,154.46,153.36,153.74,2879007
10/3/17 17:00,153.76,154.05,153.48,153.86,2354129
10/3/17 18:00,153.85,154.18,153.78,154.13,1563699
10/3/17 19:00,154.13,154.53,154.05,154.16,1917223
10/3/17 20:00,154.16,154.2,153.96,154.19,959467
10/3/17 21:00,154.19,154.4,154.09,154.19,1228842
10/3/17 22:00,154.19,154.2,153.76,153.92,2794293
10/4/17 16:00,153.08,153.19,152.54,152.99,3189710
10/4/17 17:00,153,153.01,151.91,152.48,4217103
10/4/17 18:00,152.49,153.28,152.49,152.93,2791201
10/4/17 19:00,152.95,153.31,152.85,153.03,1499016
10/4/17 20:00,153.04,153.09,152.57,152.81,1409918
10/4/17 21:00,152.81,152.89,152.63,152.84,1238823
10/4/17 22:00,152.84,153.08,152.63,152.9,3400919
10/5/17 16:00,153.63,154.81,153.5,154.43,3728544
10/5/17 17:00,154.43,154.76,154.07,154.14,3291960
10/5/17 18:00,154.14,154.44,154.04,154.29,1795880
10/5/17 19:00,154.29,154.71,154.23,154.34,1639760
10/5/17 20:00,154.35,154.49,154.23,154.31,1421494
10/5/17 21:00,154.31,154.69,154.17,154.69,1551791
10/5/17 22:00,154.69,154.88,154.64,154.83,5219118
10/6/17 16:00,154.41,154.93,154.01,154.19,2401420
10/6/17 17:00,154.18,154.6,154.08,154.22,1991914
10/6/17 18:00,154.22,154.62,154.18,154.2,1493662
10/6/17 19:00,154.2,154.55,154.06,154.48,1404605
10/6/17 20:00,154.47,154.69,154.36,154.56,1349231
10/6/17 21:00,154.55,154.64,154.39,154.53,935797
10/6/17 22:00,154.53,154.78,154.43,154.74,4904470
10/9/17 16:00,155.25,155.72,154.93,155.66,2528556
10/9/17 17:00,155.65,156.17,155.3,155.47,3410338
10/9/17 18:00,155.48,155.65,155.21,155.51,1476080
10/9/17 19:00,155.52,155.57,155.23,155.49,1160334
10/9/17 20:00,155.48,155.54,155.35,155.42,784000
10/9/17 21:00,155.42,155.48,155.2,155.26,881762
10/9/17 22:00,155.26,155.4,155.04,155.28,3739160
10/10/17 16:00,155.5,157.43,155.35,155.54,2693981
10/10/17 17:00,155.57,155.63,154.54,155.04,2910287
10/10/17 18:00,155.04,155.26,154.72,154.91,1427236
10/10/17 19:00,154.89,155.46,154.69,155.42,1492996
10/10/17 20:00,155.41,155.62,155.22,155.27,1391970
10/10/17 21:00,155.25,155.37,155.09,155.23,876422
10/10/17 22:00,155.23,155.38,155.06,155.34,2960982
10/11/17 16:00,155.41,155.76,155.19,155.66,2075610
10/11/17 17:00,155.67,156.42,155.64,156.18,3609734
10/11/17 18:00,156.19,156.31,155.96,156.11,1620196
10/11/17 19:00,156.11,156.28,156.02,156.13,1249698
10/11/17 20:00,156.12,156.25,155.88,155.88,1163859
10/11/17 21:00,155.89,156.19,155.82,155.95,1248146
10/11/17 22:00,155.96,156.12,155.86,155.99,3836344
10/12/17 16:00,155.79,156.81,155.71,156.32,2828877
10/12/17 17:00,156.32,156.54,155.93,156.26,2691866
10/12/17 18:00,156.25,156.39,156.19,156.33,1239991
10/12/17 19:00,156.34,156.58,156.2,156.21,1297024
10/12/17 20:00,156.2,156.42,156.15,156.22,825858
10/12/17 21:00,156.22,156.23,155.69,155.73,1447128
10/12/17 22:00,155.73,155.86,155.17,155.44,4218567
10/13/17 16:00,156.17,156.39,155.85,156.14,2345691
10/13/17 17:00,156.15,156.58,156.15,156.53,2821538
10/13/17 18:00,156.53,156.59,156.35,156.48,1378766
10/13/17 19:00,156.49,156.54,155.99,156.16,2221260
10/13/17 20:00,156.16,156.46,156.12,156.44,1005326
10/13/17 21:00,156.43,156.72,156.43,156.61,1400754
10/13/17 22:00,156.62,156.62,156.25,156.43,3174969
10/16/17 16:00,157.33,158.79,157.09,158.56,5333263
10/16/17 17:00,158.57,159.09,158.46,158.77,4604506
10/16/17 18:00,158.77,158.88,158.36,158.79,1854807
10/16/17 19:00,158.79,158.99,158.41,158.86,1740159
10/16/17 20:00,158.87,158.97,158.79,158.88,1236352
10/16/17 21:00,158.88,159.17,158.86,159.14,1499742
10/16/17 22:00,159.13,159.43,159.11,159.31,5098672
10/17/17 16:00,159.21,159.63,158.66,159.01,3033845
10/17/17 17:00,159,159.37,158.76,159.29,2354479
10/17/17 18:00,159.28,160.29,159.17,159.32,4242030
10/17/17 19:00,159.33,159.45,159.1,159.19,1339962
10/17/17 20:00,159.19,159.93,159.15,159.46,1671329
10/17/17 21:00,159.46,159.78,159.44,159.64,1142974
10/17/17 22:00,159.64,159.96,159.54,159.9,3146597
10/18/17 16:00,159.85,160.13,159.24,159.7,2497623
10/18/17 17:00,159.71,159.87,159.55,159.55,2142124
10/18/17 18:00,159.55,159.6,159.18,159.22,1606409
10/18/17 19:00,159.22,159.91,159.21,159.8,1580033
10/18/17 20:00,159.79,159.82,159.42,159.75,1124399
10/18/17 21:00,159.75,159.79,159.42,159.51,1404328
10/18/17 22:00,159.5,159.6,159.03,159.19,3658713
10/19/17 16:00,156.19,156.52,155.09,155.37,7685562
10/19/17 17:00,155.36,155.66,154.7,155.39,6394329
10/19/17 18:00,155.39,155.46,154.79,154.86,3637062
10/19/17 19:00,154.85,155.33,154.49,154.51,4099428
10/19/17 20:00,154.51,155.28,154.46,154.91,3154021
10/19/17 21:00,154.91,155.03,154.62,154.92,2469975
10/19/17 22:00,154.92,155.46,154.91,155.42,8519649
10/20/17 16:00,156.05,156.63,155.97,156.27,3520772
10/20/17 17:00,156.28,157.18,156.26,156.76,3826706
10/20/17 18:00,156.76,156.96,156.15,156.91,2883479
10/20/17 19:00,156.91,156.94,156.63,156.88,1362214
10/20/17 20:00,156.86,156.91,156.61,156.64,1009461
10/20/17 21:00,156.64,156.69,156.19,156.24,1740141
10/20/17 22:00,156.24,156.31,155.4,155.6,6721148
10/23/17 16:00,156.33,156.49,155.74,156.29,2075436
10/23/17 17:00,156.3,156.3,155.35,155.56,2821782
10/23/17 18:00,155.56,155.99,155.56,155.81,1158913
10/23/17 19:00,155.8,157.13,155.79,156.93,3038027
10/23/17 20:00,156.93,157.01,156.39,156.44,1437551
10/23/17 21:00,156.44,156.6,155.92,156.15,1725191
10/23/17 22:00,156.15,156.18,154.94,155.61,6366156
10/24/17 16:00,155.73,156.39,155.64,156.24,3070942
10/24/17 17:00,156.24,156.86,156.23,156.35,3093886
10/24/17 18:00,156.35,156.69,156.29,156.4,1977421
10/24/17 19:00,156.4,156.62,156.3,156.46,1098187
10/24/17 20:00,156.46,156.73,156.31,156.56,1088181
10/24/17 21:00,156.57,156.61,156.17,156.2,1149881
10/24/17 22:00,156.2,156.54,155.97,156.54,3578167
10/25/17 16:00,156.35,156.99,155.89,156.29,2229264
10/25/17 17:00,156.29,156.64,156.07,156.3,2376239
10/25/17 18:00,156.31,156.31,155.09,155.59,2796826
10/25/17 19:00,155.58,155.77,154.71,155.47,3157283
10/25/17 20:00,155.46,155.84,155.28,155.73,1358243
10/25/17 21:00,155.73,155.91,155.37,155.57,1662294
10/25/17 22:00,155.56,155.99,155.47,155.84,4049080
10/26/17 16:00,156.67,157.26,156.58,156.7,2600230
10/26/17 17:00,156.7,157.17,156.22,156.98,2447065
10/26/17 18:00,156.98,157.14,156.72,156.93,1482274
10/26/17 19:00,156.93,157.13,156.69,156.81,898114
10/26/17 20:00,156.82,156.92,156.53,156.84,918988
10/26/17 21:00,156.84,157.18,156.74,157.11,1285454
10/26/17 22:00,157.11,157.16,156.83,156.85,4257948
10/27/17 16:00,158.72,159.16,158.13,158.89,4656807
10/27/17 17:00,158.9,160.41,158.88,160.25,6758230
10/27/17 18:00,160.24,161.87,160.04,161.81,5644861
10/27/17 19:00,161.8,162.37,161.48,161.64,4866155
10/27/17 20:00,161.65,162.56,161.59,162.53,3447146
10/27/17 21:00,162.53,163.01,161.74,162.02,4639900
10/27/17 22:00,162.01,162.57,161.93,162.47,8104357
10/30/17 15:00,163.3,165.75,163.13,165.63,8164204
10/30/17 16:00,165.63,167.47,165.5,166.53,10729051
10/30/17 17:00,166.53,166.53,165.54,166.43,5251661
10/30/17 18:00,166.4,166.42,165.24,165.89,3185278
10/30/17 19:00,165.88,166.3,165.53,165.63,2393414
10/30/17 20:00,165.63,166.15,165.63,165.93,2203909
10/30/17 21:00,165.94,166.37,165.66,166.12,5758861
10/31/17 15:00,167.3,168.09,166.34,166.6,5650778
10/31/17 16:00,166.61,167.87,166.58,167.79,4450776
10/31/17 17:00,167.78,168.48,167.76,168.31,4619886
10/31/17 18:00,168.32,168.59,168.02,168.25,2721831
10/31/17 19:00,168.24,168.56,167.91,168.56,2628012
10/31/17 20:00,168.56,169.04,168.24,168.45,3712406
10/31/17 21:00,168.45,168.69,168.2,168.43,7313419
11/1/17 15:00,169.26,169.33,166.71,167.25,5841940
11/1/17 16:00,167.21,167.26,165.97,166.45,6811263
11/1/17 17:00,166.46,167,165.58,165.63,3513392
11/1/17 18:00,165.65,166.47,165.58,165.96,2369149
11/1/17 19:00,165.96,166.57,165.02,165.64,3134504
11/1/17 20:00,165.63,166.15,165.51,166.08,2556946
11/1/17 21:00,166.08,166.29,165.92,166.29,5117041
11/2/17 15:00,167.04,167.13,165.31,166.12,3392206
11/2/17 16:00,166.13,166.27,165.18,165.9,3646712
11/2/17 17:00,165.89,166.25,164.69,165.62,2807702
11/2/17 18:00,165.64,167.61,165.33,167.12,5045670
11/2/17 19:00,167.11,167.31,166.63,167.05,2836525
11/2/17 20:00,167.06,167.9,167.06,167.44,3749921
11/2/17 21:00,167.45,167.8,167.08,167.51,7434081
11/3/17 15:00,173.38,173.64,170.51,171.14,14025060
11/3/17 16:00,171.14,172.07,170.57,171.39,9976018
11/3/17 17:00,171.41,172.33,171.18,172.3,6181647
11/3/17 18:00,172.32,172.65,172,172.46,5074990
11/3/17 19:00,172.46,173.19,172.35,172.86,4063919
11/3/17 20:00,172.86,172.87,171.93,172.21,3936957
11/3/17 21:00,172.21,172.29,171.69,171.88,6995108
11/6/17 16:00,171.75,172.03,171.1,171.66,4848748
11/6/17 17:00,171.68,174.14,171.59,174.09,6884518
11/6/17 18:00,174.08,174.28,173.49,173.95,4578485
11/6/17 19:00,173.94,174.22,173.78,173.94,2668335
11/6/17 20:00,173.95,174.27,173.8,174.26,2290392
11/6/17 21:00,174.24,174.35,173.85,174.2,2362879
11/6/17 22:00,174.2,174.36,173.63,173.63,6338767
11/7/17 16:00,173.29,174.62,172.98,174.26,5292113
11/7/17 17:00,174.27,174.56,173.4,173.96,4093980
11/7/17 18:00,173.97,174.51,173.74,173.84,5299574
11/7/17 19:00,173.87,174.1,173.41,174.1,2814467
11/7/17 20:00,174.08,174.34,173.83,173.92,1636160
11/7/17 21:00,173.91,174.04,173.64,173.96,1381051
11/7/17 22:00,173.96,174.18,173.79,174.18,4020462
11/8/17 16:00,174.03,174.4,173.71,173.98,3308318
11/8/17 17:00,173.98,174.75,173.98,174.61,3592468
11/8/17 18:00,174.62,175.15,174.47,174.8,2477324
11/8/17 19:00,174.8,175.04,174.69,174.93,2224660
11/8/17 20:00,174.94,175.16,174.86,175.11,1894099
11/8/17 21:00,175.11,175.4,174.99,175.35,2163714
11/8/17 22:00,175.34,175.61,175.18,175.61,4194868
11/9/17 16:00,174.48,175.29,174.17,174.74,4064674
11/9/17 17:00,174.75,175.46,174.55,175.08,3396535
11/9/17 18:00,175.09,175.11,174.04,174.24,3096706
11/9/17 19:00,174.21,174.41,172.52,173.24,5098414
11/9/17 20:00,173.23,174.2,172.8,174.18,2302758
11/9/17 21:00,174.19,174.77,174.08,174.67,2294224
11/9/17 22:00,174.67,175.29,174.35,175.25,4302003
11/10/17 16:00,175.11,175.38,174.27,174.85,3445113
11/10/17 17:00,174.86,175.25,174.42,175.2409,2939129
11/10/17 18:00,175.25,175.34,174.65,175.013,2117128
11/10/17 19:00,175.01,175.09,174.78,174.82,1361938
11/10/17 20:00,174.8148,175.132,174.7,174.82,1508758
11/10/17 21:00,174.82,175.05,174.77,174.9599,1524562
11/10/17 22:00,174.955,175,174.605,174.67,4816024
11/13/17 16:00,173.5,174.15,173.4,173.87,3233646
11/13/17 17:00,173.87,174.5,173.76,174.2,3007583
11/13/17 18:00,174.195,174.42,174.08,174.24,1462289
11/13/17 19:00,174.2452,174.39,174.06,174.34,1285454
11/13/17 20:00,174.33,174.4,174.114,174.37,986019
11/13/17 21:00,174.379,174.39,174.0588,174.11,1109445
11/13/17 22:00,174.11,174.26,173.72,173.97,3439763
11/14/17 16:00,173.04,173.48,172.53,172.75,3193834
11/14/17 17:00,172.76,173.25,172.11,172.88,3972027
11/14/17 18:00,172.875,173.25,172.73,172.99,1892534
11/14/17 19:00,172.99,173,172.18,172.3773,1908700
11/14/17 20:00,172.35,172.35,171.47,171.83,2888281
11/14/17 21:00,171.83,172.005,171.75,171.945,1744198
11/14/17 22:00,171.943,172.13,171.18,171.34,5406884
11/15/17 16:00,169.97,169.98,168.38,169,5820613
11/15/17 17:00,169,170.3197,168.9,170.25,4095528
11/15/17 18:00,170.27,170.3,169.445,169.475,3207160
11/15/17 19:00,169.4799,169.68,169.12,169.5837,2000936
11/15/17 20:00,169.59,169.61,168.955,169.195,1960161
11/15/17 21:00,169.2,169.52,169,169.37,1749649
11/15/17 22:00,169.36,169.53,168.69,169.08,5463287
11/16/17 16:00,171.18,171.23,170.3,170.547,3691972
11/16/17 17:00,170.54,171.06,170.43,170.89,3113782
11/16/17 18:00,170.885,171.41,170.84,171.3,2017585
11/16/17 19:00,171.3,171.74,171.26,171.51,1860894
11/16/17 20:00,171.5,171.82,171.43,171.77,1494324
11/16/17 21:00,171.76,171.87,171.42,171.5452,1861231
11/16/17 22:00,171.545,171.62,171.09,171.1,3220634
11/17/17 16:00,171.04,171.05,169.83,170.09,4046451
11/17/17 17:00,170.085,171.39,169.83,170.8815,3766401
11/17/17 18:00,170.88,170.92,170.26,170.74,2034741
11/17/17 19:00,170.7272,170.74,170.36,170.5858,1201545
11/17/17 20:00,170.592,170.6,170.22,170.3793,1060893
11/17/17 21:00,170.38,170.429,170.02,170.2,1308750
11/17/17 22:00,170.2,170.27,169.64,170.15,4947787
11/20/17 16:00,170.29,170.56,169.71,170.17,2260982
11/20/17 17:00,170.15,170.36,169.73,170.07,2407926
11/20/17 18:00,170.076,170.12,169.6,169.9459,1847385
11/20/17 19:00,169.95,169.97,169.56,169.964,1272507
11/20/17 20:00,169.965,170.23,169.92,170.01,1109777
11/20/17 21:00,170,170.05,169.86,170.03,945316
11/20/17 22:00,170.03,170.14,169.85,169.98,3502997
11/21/17 16:00,170.78,172.86,170.78,172.85,4255905
11/21/17 17:00,172.845,173.7,172.78,173.272,4805477
11/21/17 18:00,173.26,173.65,173.22,173.5248,2211903
11/21/17 19:00,173.52,173.6,173.12,173.17,1540329
11/21/17 20:00,173.1764,173.23,172.94,173.1131,1328115
11/21/17 21:00,173.12,173.1401,172.6801,172.9648,1627150
11/21/17 22:00,172.9652,173.23,172.69,173.14,4518988
11/22/17 16:00,173.36,174.26,173.05,173.365,4080297
11/22/17 17:00,173.34,174.6,173.3,174.49,3717230
11/22/17 18:00,174.49,175,173.86,174.28,3368138
11/22/17 19:00,174.2735,174.53,174.01,174.27,1530526
11/22/17 20:00,174.27,174.35,173.91,174.339,1499385
11/22/17 21:00,174.35,174.7,174.2,174.49,1396094
11/22/17 22:00,174.49,175,174.35,174.96,5163074
11/24/17 16:00,175.1,175.5,174.6459,175.2,2934439
11/24/17 17:00,175.2,175.32,174.88,175.06,1877758
11/24/17 18:00,175.06,175.31,175,175.14,1992946
11/24/17 19:00,175.14,175.25,174.91,174.96,2245850
11/24/17 20:00,174.96,174.97,174.96,174.97,1051339
11/27/17 16:00,175.05,175.06,173.34,174.63,4239028
11/27/17 17:00,174.62,174.98,174.45,174.52,2289599
11/27/17 18:00,174.52,174.53,173.6,174.05,2704287
11/27/17 19:00,174.07,174.35,173.8601,174.08,2002593
11/27/17 20:00,174.09,174.49,174.06,174.41,969884
11/27/17 21:00,174.4048,174.415,174.05,174.2833,1242968
11/27/17 22:00,174.28,174.31,174.01,174.09,3789346
11/28/17 16:00,174.3,174.87,173.8,173.89,2980512
11/28/17 17:00,173.88,174.2,173.08,173.31,2962816
11/28/17 18:00,173.3146,173.46,172.7,172.975,3025031
11/28/17 19:00,172.97,173.38,172.55,172.88,2137486
11/28/17 20:00,172.89,173.2,172.38,172.4634,2449271
11/28/17 21:00,172.47,173.1,171.86,172.8404,2833852
11/28/17 22:00,172.85,173.19,172.73,173.07,4742669
11/29/17 16:00,172.63,172.92,171.68,171.802,3611729
11/29/17 17:00,171.8,171.83,168.73,168.8,8872372
11/29/17 18:00,168.805,169.6272,167.26,167.39,6577578
11/29/17 19:00,167.38,169.35,167.16,168.63,5487552
11/29/17 20:00,168.6184,169.46,168.25,168.4698,3123463
11/29/17 21:00,168.46,169.42,168.4,168.95,2484148
11/29/17 22:00,168.96,169.64,168.49,169.48,5380790
11/30/17 16:00,170.43,170.672,168.44,170,5634809
11/30/17 17:00,170.03,171.09,169.955,170.43,4445532
11/30/17 18:00,170.44,171.5,170.34,170.97,2857575
11/30/17 19:00,170.97,171.5,170.77,171.2942,2238306
11/30/17 20:00,171.29,171.88,171.23,171.82,2683181
11/30/17 21:00,171.82,171.9513,171.53,171.7335,1819404
11/30/17 22:00,171.74,172.14,171.25,171.85,9546732
12/1/17 16:00,169.95,170.96,169.63,170.185,4752842
12/1/17 17:00,170.2,171.67,170.04,170.96,4486395
12/1/17 18:00,170.95,171.39,168.5,169.8575,6839019
12/1/17 19:00,169.88,170.65,169.46,170.24,4284161
12/1/17 20:00,170.24,170.83,170.16,170.46,1836567
12/1/17 21:00,170.47,171.07,170.2725,170.557,2027207
12/1/17 22:00,170.55,171.2,170.23,171.05,7134831
12/4/17 16:00,172.48,172.62,171.4532,171.63,3761951
12/4/17 17:00,171.64,171.89,170.13,170.51,5911194
12/4/17 18:00,170.5,171.68,170.08,171.49,3451866
12/4/17 19:00,171.4864,172.19,171.03,171.48,2704626
12/4/17 20:00,171.4799,171.755,171.1,171.48,1659169
12/4/17 21:00,171.49,171.49,170.32,170.9,2627630
12/4/17 22:00,170.9,170.98,169.63,169.8,7088205
12/5/17 16:00,169.06,170.27,168.4,170.02,4414875
12/5/17 17:00,170.05,171.34,169.8,170.8842,4709123
12/5/17 18:00,170.889,171.52,170.83,170.8628,2692382
12/5/17 19:00,170.85,170.96,170.26,170.41,1828312
12/5/17 20:00,170.4,171.1539,170.25,170.9125,1443283
12/5/17 21:00,170.9155,170.93,169.57,169.7526,2501793
12/5/17 22:00,169.74,170.3,169.57,169.64,3713839
12/6/17 16:00,167.5,169.22,166.46,169.13,6236601
12/6/17 17:00,169.13,169.5,168.56,169.4801,3562211
12/6/17 18:00,169.48,170.2047,169.18,169.5701,2697725
12/6/17 19:00,169.57,169.85,168.9,169.24,2146904
12/6/17 20:00,169.25,169.67,169.08,169.56,1348519
12/6/17 21:00,169.56,170.03,169.22,169.32,1945351
12/6/17 22:00,169.315,169.45,168.83,169.05,3501357